batch0-devin-sonnek-651,patricia,batch0-cornelia-marcel-869,petey
batch0-henriette-julia-660,opus,batch0-marg-gilcrease-836,marcel
batch0-marg-gilcrease-836,marcel,batch0-mary-tuzzolo-680,edward
batch0-johanna-mangat-983,rosemary,batch0-jeffery-weglin-851,puppy
batch0-bobbie-sibrian-325,niners,batch0-domingo-alsheimer-83,grant
batch0-floyd-skerrett-27,doom2,batch0-mary-tuzzolo-680,edward
batch0-clelia-concha-810,fireman,batch0-frederic-prigmore-903,why
batch0-vincenzo-hinkel-129,buddy,batch0-darrel-closs-165,been
batch0-salvatore-beien-361,franklinf,batch0-gertrud-shouts-409,junior
batch0-elsie-bowar-364,frogs,batch0-jermaine-andzulis-621,batman
batch0-lindsay-riblett-859,bradley,batch0-adela-phippin-193,jewels
batch0-cleo-abrecht-512,fireman,batch0-tawny-peoples-36,iguana
batch0-domingo-alsheimer-83,grant,batch0-tawny-peoples-36,iguana
batch0-von-robertos-140,poster,batch0-deeann-fonteno-843,hamster
batch0-deshawn-karnes-686,upon,batch0-etsuko-lahm-33,passwor
