batch0-devin-sonnek-651,patricia,batch0-henriette-julia-660,opus
batch0-devin-sonnek-651,patricia,batch0-cecily-calonsag-727,cornelius
batch0-devin-sonnek-651,patricia,batch0-jame-brighton-156,zxcvb
batch0-devin-sonnek-651,patricia,batch0-lucio-frabizzio-706,apollo13
batch0-devin-sonnek-651,patricia,batch0-fe-kalfus-243,stever
batch0-devin-sonnek-651,patricia,batch0-floyd-skerrett-27,doom2
batch0-devin-sonnek-651,patricia,batch0-alpha-kiger-144,brooke
batch0-devin-sonnek-651,patricia,batch0-glenn-forslin-846,papers
batch0-devin-sonnek-651,patricia,batch0-lindsay-riblett-859,bradley
batch0-devin-sonnek-651,patricia,batch0-cleo-abrecht-512,fireman
batch0-devin-sonnek-651,patricia,batch0-nilsa-yerian-759,misty
batch0-devin-sonnek-651,patricia,batch0-von-robertos-140,poster
batch0-devin-sonnek-651,patricia,batch0-genia-pacol-586,hoops
batch0-devin-sonnek-651,patricia,batch0-benny-sapnu-698,orchid
batch0-devin-sonnek-651,patricia,batch0-bobby-desporte-455,beethoven
