psycho1,psycho1
psycho2,psycho2
psycho3,psycho3
psycho4,psycho4
psycho5,psycho5
psycho6,psycho6
psycho7,psycho7
psycho8,psycho8
psycho9,psycho9
psycho10,psycho10
psycho11,psycho11
psycho12,psycho12
psycho13,psycho13
psycho14,psycho14
psycho15,psycho15
geomem1,geomem1
geomem2,geomem2
geomem3,geomem3
geomem4,geomem4
geomem5,geomem5
geomem6,geomem6
geomem7,geomem7
geomem8,geomem8
geomem9,geomem9
geomem10,geomem10
geomem11,geomem11
geomem12,geomem12
geomem13,geomem13
geomem14,geomem14
geomem15,geomem15
fishon1,fishon1
fishon2,fishon2
fishon3,fishon3
fishon4,fishon4
fishon5,fishon5
fishon6,fishon6
fishon7,fishon7
fishon8,fishon8
fishon9,fishon9
fishon10,fishon10
fishon11,fishon11
fishon12,fishon12
fishon13,fishon13
fishon14,fishon14
fishon15,fishon15